factor_no,good_cd,good_year,good_mnth,fri_val_loc,fri_val_for,fri_val_tot,in_val_loc,in_val_for,in_val_tot,out_val_ras,out_val_loc,out_val_for,out_val_tot,in_val_loc_rem,in_val_for_rem,fri_val_rem,fin_val_loc,fin_val_for,fin_val_tot,fin_val_old,comp_val_up,comp_val_low,comp_val_rat,good_nm,good_flg,final_date,comp_not1,comp_not2
3,0,2025,11,25542.91,0,25542.91,3467.85,0,3467.85,6526.96,1725.64,0,8252.61,1742.21,0,19015.94,20758.15,0,20758.15,33.61,20724.54,0,999.99,خامات رئيسية,1,29/11/2025 00:00:00,لوجود ط 1411 وط 1412 مكسبات طعم وط 1520 وط 1519,زيوت عطرية وط 1551 وط142 م طعم وط 1689 زيوت عطرية
3,1,2025,11,47.80,0,47.80,0,0,0,0,0,0,0,0,0,47.80,47.80,0,47.80,0.05,47.76,0,999.99,خامات مساعدة,1,29/11/2025 00:00:00,0,0
3,2,2025,11,10.22,0,10.22,18.99,0,18.99,7.13,0,0,7.13,18.99,0,3.09,22.08,0,22.08,0,22.08,0,999.99,وقود,1,29/11/2025 00:00:00,0,0
3,3,2025,11,7.91,0,7.91,98.77,0,98.77,0,98.77,0,98.77,0,0,7.91,7.91,0,7.91,0.01,7.90,0,999.99,قطع غياروصيانة,1,29/11/2025 00:00:00,0,0
3,4,2025,11,0.46,0,0.46,132.27,0,132.27,0,92.46,0,92.46,39.81,0,0.46,40.27,0,40.27,0,40.27,0,999.99,مواد و مهمات,1,29/11/2025 00:00:00,0,0
3,5,2025,11,22887.92,0,22887.92,7428.49,0,7428.49,3888.19,4348.56,0,8236.74,3079.93,0,18999.73,22079.66,0,22079.66,24.11,22055.55,0,999.99,تعبئة وتغليف,1,29/11/2025 00:00:00,لوجد ط 1400 وط 1438 زجاج وط 1532,وط 1622 كبس سيليلوزى
3,6,2025,11,0,0,0,62.53,0,62.53,0,62.53,0,62.53,0,0,0,0,0,0,0,0,0,0,مخلفات,1,29/11/2025 00:00:00,0,0
3,99,2025,11,0,0,0,0,0,0,0,0,0,0,0,0,0,0,0,0,0,0,0,0,اخرى,1,29/11/2025 00:00:00,0,0
4,0,2025,11,0,0,0,0,0,0,0,0,0,0,0,0,0,0,0,0,0,0,0,0,خامات رئيسية,1,29/11/2025 00:00:00,,
4,1,2025,11,6795.69,11192.56,17988.26,10813.20,5892.87,16706.07,11790.89,8151.18,0,19942.06,2662.03,5892.87,6197.37,3512.06,11240.21,14752.27,23110.00,0,8357.73,36.17,خامات مساعدة,1,29/11/2025 00:00:00,ط1765+امرتوريد5175+5321+5335+5318+5176,+5172+ط1768 شحد انتى فوم
4,2,2025,11,67.04,0,67.04,46.41,0,46.41,0.65,14.60,0,15.26,31.81,0,66.39,98.20,0,98.20,67.00,31.20,0,46.56,وقود,1,29/11/2025 00:00:00,,
4,3,2025,11,9843.22,3598.52,13441.73,4505.28,315.56,4820.84,1406.97,4470.91,5.11,5883.00,34.37,310.45,12034.76,8517.67,3861.91,12379.58,7543.00,4836.58,0,64.12,قطع غياروصيانة,1,29/11/2025 00:00:00,امر توريد5253+5256+ط1771خرطوم كرش,+5330امرتوريد
4,4,2025,11,107.42,0,107.42,452.87,0,452.87,4.92,430.05,0,434.97,22.82,0,102.50,125.32,0,125.32,134.00,0,8.68,6.48,مواد و مهمات,1,29/11/2025 00:00:00,امر توريد5372+5367+5353+5352+5364+5405,
4,5,2025,11,1000.30,0,1000.30,730.26,0,730.26,704.19,310.26,0,1014.44,420.00,0,296.12,716.11,0,716.11,989.00,0,272.89,27.59,تعبئة وتغليف,1,29/11/2025 00:00:00,زجاجات للخل,
4,6,2025,11,87.16,0,87.16,7.45,0,7.45,0,7.45,0,7.45,0,0,87.16,87.16,0,87.16,78.00,9.16,0,11.74,مخلفات,1,29/11/2025 00:00:00,,
4,7,2025,11,367.62,0,367.62,25.80,0,25.80,114.05,25.80,0,139.85,0,0,253.57,253.57,0,253.57,372.00,0,118.43,31.84,زيوت وشحومات,1,29/11/2025 00:00:00,زيوت قطاع النقل,
4,99,2025,11,14955.39,0,14955.39,1836.70,0,1836.70,3760.28,71.70,0,3831.98,1765.00,0,11195.11,12960.11,0,12960.11,2076.00,10884.11,0,524.28,اخرى,1,29/11/2025 00:00:00,ط1580 خاص ثانى اكسيد الكربون,
5,0,2025,11,0,0,0,0,0,0,0,0,0,0,0,0,0,0,0,0,0,0,0,0,خامات رئيسية,1,29/11/2025 00:00:00,,
5,1,2025,11,5214.39,3878.80,9093.19,2438.93,0,2438.93,2160.09,2397.27,0,4557.35,41.66,0,6933.10,4993.94,1980.82,6974.76,5071.00,1903.76,0,37.54,خامات مساعدة,1,29/11/2025 00:00:00,ورود طلبيات مجمع رواسب,0
5,2,2025,11,317.52,0,317.52,0,0,0,166.38,0,0,166.38,0,0,151.14,151.14,0,151.14,263.00,0,111.86,42.53,وقود,1,29/11/2025 00:00:00,,
5,3,2025,11,1914.99,9432.28,11347.28,5852.86,5149.82,11002.68,182.28,5629.67,3975.41,9787.36,223.19,1174.41,11165.00,2043.04,10519.56,12562.60,7780.00,4782.60,0,61.47,قطع غياروصيانة,1,29/11/2025 00:00:00,ورود طلبيات مواسير سلك شبك ق غ مرشحات لم يتم صرفه,0
5,4,2025,11,725.54,0,725.54,3418.78,0,3418.78,16.74,495.46,0,512.20,2923.32,0,708.80,3632.11,0,3632.11,615.00,3017.11,0,490.59,مواد و مهمات,1,29/11/2025 00:00:00,زيادة الاسعار,0
5,5,2025,11,4097.03,0,4097.03,7256.87,0,7256.87,853.63,6115.51,0,6969.14,1141.36,0,3243.40,4384.76,0,4384.76,6561.00,0,2176.24,33.17,تعبئة وتغليف,1,29/11/2025 00:00:00,,
5,6,2025,11,162.94,0,162.94,1246.07,0,1246.07,0.06,1246.07,0,1246.13,0,0,162.88,162.88,0,162.88,281.00,0,118.12,42.04,مخلفات,1,29/11/2025 00:00:00,,
5,7,2025,11,914.65,0,914.65,1157.94,0,1157.94,224.14,59.32,0,283.46,1098.62,0,690.51,1789.13,0,1789.13,1354.00,435.13,0,32.14,زيوت وشحومات,1,29/11/2025 00:00:00,زيادة الاسعار,0
5,99,2025,11,0,0,0,0,0,0,0,0,0,0,0,0,0,0,0,0,0,0,0,0,اخرى,1,29/11/2025 00:00:00,,
14,1,2025,11,0,0,0,0,0,0,0,0,0,0,0,0,0,0,0,0,0,0,0,0,خامات مساعدة,1,29/11/2025 00:00:00,,
14,3,2025,11,276.28,97.96,374.25,0,0,0,0,0,0,0,0,0,374.25,276.28,97.96,374.25,386.00,0,11.75,3.05,قطع غياروصيانة,1,29/11/2025 00:00:00,,
14,4,2025,11,0,0,0,0,0,0,0,0,0,0,0,0,0,0,0,0,0,0,0,0,مواد و مهمات,1,29/11/2025 00:00:00,,
15,0,2025,11,1251.36,998.16,2249.52,11650.49,0,11650.49,690.70,10926.73,0,11617.43,723.76,0,1558.81,1465.45,817.13,2282.57,2751.00,0,468.43,17.03,خامات رئيسية,1,29/11/2025 00:00:00,__________,
15,1,2025,11,4242.21,16873.49,21115.70,8502.72,15558.78,24061.50,10801.98,5511.33,1838.64,18151.96,2991.39,13720.14,10313.72,3813.38,23211.87,27025.25,33427.00,0,6401.75,19.15,خامات مساعدة,1,29/11/2025 00:00:00,____________,
15,2,2025,11,582.89,0,582.89,546.65,0,546.65,43.45,1.33,0,44.77,545.32,0,539.44,1084.76,0,1084.76,850.00,234.76,0,27.62,وقود,1,29/11/2025 00:00:00, زياده رصيد سولار وارد من النقل,
15,3,2025,11,1987.67,7018.99,9006.66,2811.92,20.00,2831.92,124.91,2428.22,0,2553.12,383.70,20.00,8881.75,2253.13,7032.32,9285.45,7323.00,1962.45,0,26.80,قطع غياروصيانة,1,29/11/2025 00:00:00,مبادلات حراريه للخميره الجافه,
15,4,2025,11,504.75,0,504.75,567.97,0,567.97,196.30,493.58,0,689.87,74.40,0,308.45,382.85,0,382.85,219.00,163.85,0,74.82,مواد و مهمات,1,29/11/2025 00:00:00,حامض هيدروليك تجاري 140 الف جنيه,مهمات اخري 14 الف جنيه
15,5,2025,11,7415.60,0,7415.60,3015.36,0,3015.36,3097.27,1235.06,0,4332.33,1780.30,0,4318.33,6098.63,0,6098.63,5796.00,302.63,0,5.22,تعبئة وتغليف,1,29/11/2025 00:00:00,رولات الومنيوم الخبيز 303 الف جنيه,
15,7,2025,11,337.24,0,337.24,270.69,0,270.69,228.56,81.89,0,310.45,188.80,0,108.68,297.48,0,297.48,79.00,218.48,0,276.56,زيوت وشحومات,1,29/11/2025 00:00:00,زيوت وشحومات مختلفه,
15,99,2025,11,0,0,0,0,0,0,0,0,0,0,0,0,0,0,0,0,0,0,0,0,اخرى,1,29/11/2025 00:00:00,,
19,0,2025,11,0,0,0,0,0,0,0,0,0,0,0,0,0,0,0,0,0,0,0,0,خامات رئيسية,1,29/11/2025 00:00:00,,
19,2,2025,11,2395.40,0,2395.40,22676.67,0,22676.67,2395.40,20450.43,0,22845.82,2226.24,0,0,2226.24,0,2226.24,3025.97,0,799.72,26.43,وقود,1,29/11/2025 00:00:00,,
19,3,2025,11,3073.22,0,3073.22,11889.95,0,11889.95,1696.88,9717.20,0,11414.08,2172.75,0,1376.34,3549.10,0,3549.10,5305.31,0,1756.21,33.10,قطع غياروصيانة,1,29/11/2025 00:00:00,,
19,4,2025,11,37.03,0,37.03,460.18,0,460.18,13.31,377.94,0,391.25,82.24,0,23.73,105.97,0,105.97,81.06,24.91,0,30.72,مواد و مهمات,1,29/11/2025 00:00:00,زيادة الاسعار,
19,6,2025,11,83.18,0,83.18,196.95,0,196.95,72.17,190.58,0,262.74,6.37,0,11.01,17.39,0,17.39,201.55,0,184.17,91.37,مخلفات,1,29/11/2025 00:00:00,,
19,7,2025,11,477.29,0,477.29,3591.07,0,3591.07,411.87,1210.68,0,1622.55,2380.39,0,65.42,2445.81,0,2445.81,1474.00,971.81,0,65.93,زيوت وشحومات,1,29/11/2025 00:00:00,زيادة الاسعار,
19,8,2025,11,0,0,0,0,0,0,0,0,0,0,0,0,0,0,0,0,0,0,0,0,مركزى قوص,1,29/11/2025 00:00:00,,
19,9,2025,11,4.72,0,4.72,0,0,0,0,0,0,0,0,0,4.72,4.72,0,4.72,4.72,0,0,0,الراكد,1,29/11/2025 00:00:00,,
19,99,2025,11,0,0,0,132650.31,0,132650.31,0,132650.31,0,132650.31,0,0,0,0,0,0,0,0,0,0,اخرى,1,29/11/2025 00:00:00,,
23,0,2025,11,12871.40,0,12871.40,51165.03,0,51165.03,12148.75,40279.47,0,52428.22,10885.56,0,722.65,11608.22,0,11608.22,12786.87,0,1178.65,9.22,خامات رئيسية,1,29/11/2025 00:00:00,0,0
23,2,2025,11,480.90,0,480.90,2703.15,0,2703.15,478.86,2703.15,0,3182.01,0,0,2.05,2.05,0,2.05,0,2.05,0,0,وقود,1,29/11/2025 00:00:00,0,0
23,3,2025,11,536.61,0,536.61,466.58,0,466.58,60.26,436.25,0,496.51,30.33,0,476.34,506.68,0,506.68,258.43,248.25,0,96.06,قطع غياروصيانة,1,29/11/2025 00:00:00,0,0
23,4,2025,11,393.68,0,393.68,311.59,0,311.59,188.66,236.18,0,424.84,75.41,0,205.02,280.43,0,280.43,428.33,0,147.90,34.53,مواد و مهمات,1,29/11/2025 00:00:00,0,0
23,5,2025,11,13961.51,0,13961.51,27238.19,0,27238.19,5078.18,21214.34,0,26292.52,6023.85,0,8883.33,14907.17,0,14907.17,13908.77,998.40,0,7.18,تعبئة وتغليف,1,29/11/2025 00:00:00,شراء برطمانات واغطية وكرتون للمربى لتلبية,طلبات العملاء والسوق المحلى
23,7,2025,11,46.14,0,46.14,77.79,0,77.79,28.92,25.53,0,54.45,52.26,0,17.22,69.48,0,69.48,58.52,10.96,0,18.73,زيوت وشحومات,1,29/11/2025 00:00:00,شراء زيوت لزيادة معدلات التشغيل لزيادة الطاقة,الانتاجية
23,9,2025,11,0,0,0,0,0,0,0,0,0,0,0,0,0,0,0,0,0,0,0,0,الراكد,1,29/11/2025 00:00:00,0,0
23,99,2025,11,0,0,0,0,0,0,0,0,0,0,0,0,0,0,0,0,0,0,0,0,اخرى,1,29/11/2025 00:00:00,0,0
25,0,2025,11,48206.35,22025.09,70231.44,63061.87,285.23,63347.10,23089.87,34123.73,0,57213.59,28938.14,285.23,47141.58,57297.64,19067.31,76364.95,54443.17,21921.77,0,40.27,خامات رئيسية,1,29/11/2025 00:00:00,ارتفاع اسعار الخامات+توريد خامات للمشاريع الجارية,
25,1,2025,11,5091.78,53.00,5144.78,2879.90,0,2879.90,3031.08,2209.89,0,5240.97,670.02,0,2113.70,2734.22,49.50,2783.72,1828.50,955.22,0,52.24,خامات مساعدة,1,29/11/2025 00:00:00,ارتفاع اسعار الخامات+توريد خامالت للمشاريع الجارية,
25,2,2025,11,0,0,0,701.95,0,701.95,0,701.95,0,701.95,0,0,0,0,0,0,1456.40,0,1456.40,100.00,وقود,1,29/11/2025 00:00:00,,
25,3,2025,11,2885.03,1514.69,4399.73,4456.78,0,4456.78,2117.57,3080.43,0,5198.00,1376.35,0,2282.15,3571.83,86.67,3658.50,2987.09,671.41,0,22.48,قطع غياروصيانة,1,29/11/2025 00:00:00,ارتفاع اسعار الخامات+توريد قطع غيار للمشاريع,
25,4,2025,11,650.76,0,650.76,563.87,0,563.87,108.80,383.82,0,492.62,180.05,0,541.96,722.01,0,722.01,652.88,69.13,0,10.59,مواد و مهمات,1,29/11/2025 00:00:00,ارتفاع اسعار الخامات,
25,6,2025,11,0,0,0,0,0,0,0,0,0,0,0,0,0,0,0,0,0,0,0,0,مخلفات,1,29/11/2025 00:00:00,,
25,7,2025,11,1232.15,0,1232.15,888.58,0,888.58,388.73,578.82,0,967.56,309.76,0,843.42,1153.17,0,1153.17,1738.71,0,585.54,33.68,زيوت وشحومات,1,29/11/2025 00:00:00,,
25,99,2025,11,8532.08,2128.36,10660.44,367.36,0,367.36,3560.95,279.43,0,3840.39,87.93,0,7099.49,5059.06,2128.36,7187.42,10341.38,0,3153.96,30.50,اخرى,1,29/11/2025 00:00:00,,
35,1,2025,11,5378.55,13774.35,19152.90,12084.24,63909.55,75993.79,13728.08,2647.35,52688.20,69063.63,9436.88,11221.35,5424.82,10706.86,15376.19,26083.05,22076.00,4007.05,0,18.15,خامات مساعدة,1,29/11/2025 00:00:00,ورود طلبات اجنبية انتيفوم لزوم المصنع,
35,2,2025,11,38082.59,68137.68,106220.27,1983.11,0,1983.11,14070.34,1084.58,0,15154.93,898.53,0,92149.93,37795.44,55253.01,93048.45,108528.00,0,15479.55,14.26,وقود,1,29/11/2025 00:00:00,لا يوجد,
35,3,2025,11,2199.43,3775.14,5974.57,14190.62,4565.28,18755.90,2725.64,14188.16,4565.28,21479.08,2.46,0,3248.93,1102.98,2148.41,3251.39,6403.00,0,3151.61,49.22,قطع غياروصيانة,1,29/11/2025 00:00:00,لا يوجد,
35,4,2025,11,1675.88,0,1675.88,4211.21,0,4211.21,1251.43,3708.47,0,4959.90,502.74,0,424.44,927.19,0,927.19,557.00,370.19,0,66.46,مواد و مهمات,1,29/11/2025 00:00:00,ورود كميات صودا كاويه لزوم المصنع,
35,5,2025,11,7447.90,0,7447.90,6913.46,0,6913.46,5932.42,739.55,0,6671.97,6173.91,0,1515.48,7689.39,0,7689.39,10210.00,0,2520.61,24.69,تعبئة وتغليف,1,29/11/2025 00:00:00,لا يوجد,
35,6,2025,11,0,0,0,800.15,0,800.15,0,800.15,0,800.15,0,0,0,0,0,0,0,0,0,0,مخلفات,1,29/11/2025 00:00:00,لا يوجد,
35,7,2025,11,2573.92,0,2573.92,6499.73,0,6499.73,1499.62,891.76,0,2391.38,5607.97,0,1074.30,6682.27,0,6682.27,5231.00,1451.27,0,27.74,زيوت وشحومات,1,29/11/2025 00:00:00,ورود طلبات زيوت و شحومات لزوم,المصنع
35,99,2025,11,0,0,0,0,0,0,0,0,0,0,0,0,0,0,0,0,0,0,0,0,اخرى,1,29/11/2025 00:00:00,,
36,1,2025,11,3943.24,4881.13,8824.37,6841.72,571.12,7412.83,5730.01,4585.71,1.26,10316.97,2256.01,569.86,3094.36,4711.37,1208.86,5920.23,13721.84,0,7801.61,56.86,خامات مساعدة,1,29/11/2025 00:00:00,لا يوجد,
36,3,2025,11,0,1746.91,1746.91,630.92,0,630.92,1746.91,630.92,0,2377.83,0,0,0,0,0,0,0,0,0,0,قطع غياروصيانة,1,29/11/2025 00:00:00,لا يوجد,
36,4,2025,11,0,0,0,0,0,0,0,0,0,0,0,0,0,0,0,0,0,0,0,0,مواد و مهمات,1,29/11/2025 00:00:00,لا يوجد,
36,5,2025,11,259.10,0,259.10,410.53,0,410.53,255.95,410.53,0,666.48,0,0,3.15,3.15,0,3.15,321.37,0,318.23,99.02,تعبئة وتغليف,1,29/11/2025 00:00:00,لا يوجد,
37,3,2025,11,98.94,9750.28,9849.22,782.69,0,782.69,1606.28,782.69,0,2388.97,0,0,8242.94,6.00,8236.94,8242.94,8827.75,0,584.81,6.62,قطع غياروصيانة,1,29/11/2025 00:00:00,لا يوجد,
40,1,2025,11,5362.23,0,5362.23,5555.62,0,5555.62,0,0,0,0,5555.62,0,5362.23,10917.84,0,10917.84,9518.00,1399.84,0,14.71,خامات مساعدة,1,29/11/2025 00:00:00,الزياده فى حامض ارثوفسفوريك وكبريت,وهيبوكلوريدكالسيوم
40,2,2025,11,6445.46,0,6445.46,5759.04,0,5759.04,1933.03,412.20,0,2345.23,5346.84,0,4512.43,9859.27,0,9859.27,7820.00,2039.27,0,26.08,وقود,1,29/11/2025 00:00:00,الزياده فى المازوت والسولار والبنزين,
40,3,2025,11,42834.90,0,42834.90,38181.83,0,38181.83,17094.87,29235.27,0,46330.14,8946.56,0,25740.03,34686.59,0,34686.59,28032.00,6654.59,0,23.74,قطع غياروصيانة,1,29/11/2025 00:00:00,الزياده فى قطع غيارمراجل وعصارات وانتاج وبلوف,وأعمده والواح صاج واخرى
40,4,2025,11,6509.93,0,6509.93,3064.34,0,3064.34,3302.77,2003.66,0,5306.43,1060.68,0,3207.16,4267.84,0,4267.84,2390.00,1877.84,0,78.57,مواد و مهمات,1,29/11/2025 00:00:00,الزياده فى راتنجات بانواعها وتقاوى حلبه,
40,5,2025,11,3586.87,0,3586.87,9450.40,0,9450.40,138.01,0,0,138.01,9450.40,0,3448.85,12899.25,0,12899.25,7674.00,5225.25,0,68.09,تعبئة وتغليف,1,29/11/2025 00:00:00,الزياده فى جوالات بروبلين أصناف مختلفه,
40,6,2025,11,3124.57,0,3124.57,7.34,0,7.34,2.17,6.97,0,9.14,0.37,0,3122.40,3122.77,0,3122.77,3063.00,59.77,0,1.95,مخلفات,1,29/11/2025 00:00:00,الزياده فى مخلفات وخرده متنوعه,
40,7,2025,11,2135.25,0,2135.25,14958.02,0,14958.02,1922.84,880.61,0,2803.45,14077.41,0,212.41,14289.82,0,14289.82,10243.00,4046.82,0,39.51,زيوت وشحومات,1,29/11/2025 00:00:00,الزياده فى زيوت وشحومات أصناف مختلفه,
40,9,2025,11,273.53,0,273.53,0,0,0,0,0,0,0,0,0,273.53,273.53,0,273.53,274.00,0,0.47,0.17,الراكد,1,29/11/2025 00:00:00,لا توجد زياده,
40,99,2025,11,0,0,0,7.55,0,7.55,0,7.55,0,7.55,0,0,0,0,0,0,0,0,0,0,اخرى,1,29/11/2025 00:00:00,,
45,1,2025,11,5929.10,0,5929.10,2959.24,0,2959.24,0.53,0,0,0.53,2959.24,0,5928.57,8887.81,0,8887.81,5125.75,3762.06,0,73.40,خامات مساعدة,1,29/11/2025 00:00:00,وجود رصيد كبريت و ارثوفسفوريك ومادة مجمعة للرواسب,سيتم استخدامها لموسم العصير القادم
45,2,2025,11,2670.95,0,2670.95,2712.34,0,2712.34,1391.32,314.25,0,1705.57,2398.09,0,1279.63,3677.73,0,3677.73,2642.46,1035.27,0,39.18,وقود,1,29/11/2025 00:00:00,وجود رصيد من  السولار لاستخدامها في سيارات المصنع, و سيتم استخدامه في العصير القادم
45,3,2025,11,12447.85,3952.05,16399.89,15456.94,2149.96,17606.90,10688.20,12274.55,927.93,23890.67,3182.39,1222.03,5711.70,6065.86,4050.26,10116.12,10165.93,0,49.81,0.49,قطع غياروصيانة,1,29/11/2025 00:00:00,,
45,4,2025,11,2476.58,0,2476.58,3816.25,0,3816.25,1149.04,1445.80,0,2594.84,2370.45,0,1327.54,3697.99,0,3697.99,2430.68,1267.31,0,52.14,مواد و مهمات,1,29/11/2025 00:00:00,وجود رصيد من الاسمدة جاري استخدامها,لمزرعة الذمة بالمصنع
45,5,2025,11,1303.17,0,1303.17,9832.05,0,9832.05,93.30,335.70,0,429.00,9496.35,0,1209.87,10706.22,0,10706.22,12988.17,0,2281.94,17.57,تعبئة وتغليف,1,29/11/2025 00:00:00,,
45,6,2025,11,29.08,0,29.08,770.61,0,770.61,0,768.17,0,768.17,2.44,0,29.08,31.52,0,31.52,29.08,2.44,0,8.39,مخلفات,1,29/11/2025 00:00:00,وجود رصيد من مواسير نحاس و استانلس,
45,7,2025,11,1977.66,0,1977.66,7005.29,0,7005.29,603.52,234.06,0,837.58,6771.23,0,1374.14,8145.37,0,8145.37,5867.28,2278.09,0,38.83,زيوت وشحومات,1,29/11/2025 00:00:00,وجود رصيد من الزيوت والشحومات جاري استخدامها,لصيانة المصنع و العصير القادم
45,9,2025,11,13.49,0,13.49,0,0,0,0,0,0,0,0,0,13.49,13.49,0,13.49,13.49,0,0,0,الراكد,1,29/11/2025 00:00:00,,
45,99,2025,11,0,0,0,0,0,0,0,0,0,0,0,0,0,0,0,0,0,0,0,0,اخرى,1,29/11/2025 00:00:00,,
50,1,2025,11,4315.45,1067.92,5383.36,5118.00,0,5118.00,72.95,0,0,72.95,5118.00,0,5310.41,9360.49,1067.92,10428.41,5618.60,4809.81,0,85.61,خامات مساعدة,1,29/11/2025 00:00:00,كميات من الكبريت+مجنا فلوك,
50,2,2025,11,3883.63,0,3883.63,1267.48,0,1267.48,1736.08,34.54,0,1770.63,1232.93,0,2147.54,3380.48,0,3380.48,4630.66,0,1250.18,27.00,وقود,1,29/11/2025 00:00:00,,
50,3,2025,11,32544.70,21712.72,54257.43,33845.09,7999.50,41844.59,45711.75,29468.78,7999.50,83180.02,4376.32,0,8545.68,6039.76,6882.24,12922.00,10089.58,2832.42,0,28.07,قطع غياروصيانة,1,29/11/2025 00:00:00,مواسير حديد لايصدأ+خامات حديدية,
50,4,2025,11,189.82,335.20,525.02,3744.11,0,3744.11,175.96,2306.73,0,2482.69,1437.38,0,349.06,1559.37,227.07,1786.44,876.94,909.50,0,103.71,مواد و مهمات,1,29/11/2025 00:00:00,ثلاثى فوسفات الصوديوم,
50,5,2025,11,2411.51,0,2411.51,20074.66,0,20074.66,0,0,0,0,20074.66,0,2411.51,22486.17,0,22486.17,9491.17,12995.00,0,136.92,تعبئة وتغليف,1,29/11/2025 00:00:00,كميات من جوالات بروبلين مطبوع,
50,6,2025,11,8133.10,0,8133.10,3857.11,0,3857.11,1525.48,3857.11,0,5382.59,0,0,6607.62,6607.62,0,6607.62,1534.11,5073.51,0,330.71,مخلفات,1,29/11/2025 00:00:00,قيمة 300 طن خردة حديدية متنوعة,
50,7,2025,11,4094.38,0,4094.38,8287.98,0,8287.98,1944.14,604.74,0,2548.87,7683.25,0,2150.24,9833.49,0,9833.49,8689.93,1143.56,0,13.16,زيوت وشحومات,1,29/11/2025 00:00:00,كميات من الزيوت,
50,8,2025,11,0,0,0,0,0,0,0,0,0,0,0,0,0,0,0,0,0,0,0,0,مركزى قوص,1,29/11/2025 00:00:00,,
50,9,2025,11,0,0,0,0,0,0,0,0,0,0,0,0,0,0,0,0,0,0,0,0,الراكد,1,29/11/2025 00:00:00,,
50,99,2025,11,0,0,0,0,0,0,0,0,0,0,0,0,0,0,0,0,0,0,0,0,اخرى,1,29/11/2025 00:00:00,,
51,1,2025,11,288.70,0,288.70,1009.38,0,1009.38,246.69,905.14,0,1151.83,104.24,0,42.02,146.26,0,146.26,263.35,0,117.09,44.46,خامات مساعدة,1,29/11/2025 00:00:00,زياده الاسعار,
51,3,2025,11,225.93,0,225.93,746.96,0,746.96,117.76,631.70,0,749.46,115.26,0,108.17,223.43,0,223.43,204.17,19.26,0,9.43,قطع غياروصيانة,1,29/11/2025 00:00:00,زياده الاسعار,
51,4,2025,11,430.31,0,430.31,678.59,0,678.59,282.48,347.90,0,630.37,330.70,0,147.84,478.53,0,478.53,479.11,0,0.58,0.12,مواد و مهمات,1,29/11/2025 00:00:00,زياده الاسعار,
51,5,2025,11,1031.65,0,1031.65,364.33,0,364.33,315.45,97.76,0,413.20,266.58,0,716.20,982.78,0,982.78,1184.78,0,202.00,17.05,تعبئة وتغليف,1,29/11/2025 00:00:00,زياده اسعار فينوس,
51,6,2025,11,0,0,0,7.23,0,7.23,0,7.23,0,7.23,0,0,0,0,0,0,0,0,0,0,مخلفات,1,29/11/2025 00:00:00,م,
51,99,2025,11,0,0,0,3583.19,0,3583.19,0,3583.19,0,3583.19,0,0,0,0,0,0,5537.30,0,5537.30,100.00,اخرى,1,29/11/2025 00:00:00,م,
52,3,2025,11,0,0,0,0,0,0,0,0,0,0,0,0,0,0,0,0,0,0,0,0,قطع غياروصيانة,1,29/11/2025 00:00:00,,
52,8,2025,11,1123.51,103.30,1226.81,838.49,0,838.49,0,838.49,0,838.49,0,0,1226.81,1123.51,103.30,1226.81,1226.81,0,0,0,مركزى قوص,1,29/11/2025 00:00:00,,
55,1,2025,11,3694.91,0,3694.91,8047.29,0,8047.29,0,0,0,0,8047.29,0,3694.91,11742.20,0,11742.20,5739.00,6003.20,0,104.60,خامات مساعدة,1,29/11/2025 00:00:00,ورود كميات حمض ارثوفسفوريك وكبريت لزوم موسم العصير,
55,2,2025,11,12518.62,0,12518.62,4463.35,0,4463.35,1953.02,430.65,0,2383.67,4032.70,0,10565.59,14598.29,0,14598.29,9205.00,5393.29,0,58.59,وقود,1,29/11/2025 00:00:00,زيادة رصيد المازوت عن العام السابق3020طن,وزيادة رصيد السولار24000لتر وزيادة اسعار السولار
55,3,2025,11,35257.19,15564.51,50821.70,31044.65,5383.87,36428.52,35700.38,25118.35,4082.54,64901.27,5926.30,1301.33,15121.32,15843.06,6505.90,22348.96,13521.00,8827.96,0,65.29,قطع غياروصيانة,1,29/11/2025 00:00:00,ورود اوامر توريد وطلبيات اجنبية لزوم موسم االصيانة,
55,4,2025,11,725.97,0,725.97,2711.49,0,2711.49,380.08,1537.80,0,1917.88,1173.69,0,345.89,1519.58,0,1519.58,992.00,527.58,0,53.18,مواد و مهمات,1,29/11/2025 00:00:00,ورود اوامر توريد مهمات سلامة وصحة مهنية,
55,5,2025,11,2828.22,0,2828.22,13902.59,0,13902.59,808.26,43.37,0,851.62,13859.22,0,2019.97,15879.19,0,15879.19,12921.00,2958.19,0,22.89,تعبئة وتغليف,1,29/11/2025 00:00:00,ورود كميات جوالات بروبلين مطبوع ومواد تعبئة لزوم,موسم العصير
55,6,2025,11,136.21,0,136.21,9.80,0,9.80,124.84,3.47,0,128.32,6.33,0,11.36,17.69,0,17.69,143.00,0,125.31,87.63,مخلفات,1,29/11/2025 00:00:00,,
55,7,2025,11,2199.86,0,2199.86,8263.76,0,8263.76,685.21,168.22,0,853.42,8095.54,0,1514.65,9610.19,0,9610.19,7696.00,1914.19,0,24.87,زيوت وشحومات,1,29/11/2025 00:00:00,ورود اوامر توريد زيوت لزوم موسم العصير,
55,9,2025,11,21.34,0,21.34,0,0,0,0,0,0,0,0,0,21.34,21.34,0,21.34,21.00,0.34,0,1.60,الراكد,1,29/11/2025 00:00:00,,
56,0,2025,11,2358.63,0,2358.63,7067.65,0,7067.65,1852.18,5537.80,0,7389.98,1529.85,0,506.45,2036.30,0,2036.30,1440.00,596.30,0,41.41,خامات رئيسية,1,29/11/2025 00:00:00,ورود كميات كسب بذرة القطن وتفل البنجر وذذرة صفراء,
56,3,2025,11,0,0,0,0,0,0,0,0,0,0,0,0,0,0,0,0,0,0,0,0,قطع غياروصيانة,1,29/11/2025 00:00:00,,
56,4,2025,11,0,0,0,0,0,0,0,0,0,0,0,0,0,0,0,0,0,0,0,0,مواد و مهمات,1,29/11/2025 00:00:00,,
56,5,2025,11,199.75,0,199.75,232.82,0,232.82,130.08,17.50,0,147.58,215.32,0,69.67,284.99,0,284.99,351.00,0,66.01,18.81,تعبئة وتغليف,1,29/11/2025 00:00:00,,
60,1,2025,11,0,3715.79,3715.79,0,10382.92,10382.92,0,0,0,0,0,10382.92,3715.79,0,14098714.25,14098.71,8341.36,5757.36,0,69.02,خامات مساعدة,1,29/11/2025 00:00:00,وجود زياده فى رصيد الكبريت هذاالعام,وجود زياده فر رصيد الارثوفسفورك هذا العام
60,2,2025,11,3269.12,0,3269.12,2455.12,0,2455.12,1584.94,358.77,0,1943.71,2096.35,0,1684.17,3780.52,0,3780.52,3026.14,754.39,0,24.93,وقود,1,29/11/2025 00:00:00,وجود زياده فى السولار هذا العام,وجود زياده فى قيمه البنزين والمازوت هذا العام
60,3,2025,11,31657.52,23883.54,55541.07,37770.59,5040.24,42810.83,25761.83,27230.83,1260.88,54253.54,10539.76,3779.36,29779.24,21934.83,22163.53,44098.36,48615.53,0,4517.17,9.29,قطع غياروصيانة,1,29/11/2025 00:00:00,,
60,4,2025,11,1069.81,162.58,1232.39,3094.45,0,3094.45,242.41,1310.10,0,1552.52,1784.35,0,989.98,2774.33,0,2774.33,2877.09,0,102.76,3.57,مواد و مهمات,1,29/11/2025 00:00:00,,
60,5,2025,11,2753.67,0,2753.67,27785.82,0,27785.82,585.89,583.17,0,1169.06,27202.65,0,2167.78,29370.43,0,29370.43,3447.34,25923.09,0,751.97,تعبئة وتغليف,1,29/11/2025 00:00:00,وجود زياده فى رصيد اكياس بلاستيك 1ك هذا العام,وجود زياده فى رصيد بروبلين مطبوع 50ك هذا العام
60,6,2025,11,705.03,0,705.03,109.78,0,109.78,0,12.29,0,12.29,97.49,0,705.03,802.52,0,802.52,125.16,677.36,0,541.21,مخلفات,1,29/11/2025 00:00:00,زياده فى رصيد اكياس بولى بروبلين شرك50 هذا العام,زياده فى رصيد برميل صاج فارغ نمره2و3 هذا العام
60,7,2025,11,1929.99,0,1929.99,11969.67,0,11969.67,1024.59,549.86,0,1574.45,11419.81,0,905.39,12325.21,0,12325.21,10455.69,1869.52,0,17.88,زيوت وشحومات,1,29/11/2025 00:00:00,زياده فى رصيد زيت مصر التروس الصناعيه Rx هذا العام,زياده فى رصيد زيت كوب فاكت هذا العام
60,99,2025,11,0,0,0,222.11,0,222.11,0,222.11,0,222.11,0,0,0,0,0,0,0,0,0,0,اخرى,1,29/11/2025 00:00:00,,
65,1,2025,11,4361.49,1768.94,6130.43,11871.84,1662.06,13533.90,0,0,0,0,11871.84,1662.06,6130.43,16233.33,3431.00,19664.33,10775.82,8888.51,0,82.49,خامات مساعدة,1,24/11/2025 00:00:00,ترجع الى زيادةرصيداول المدةعن السابق مع ورودكميات,من الكبريت اكثرمن السابق بالاضافةالى زيادةالاسعار
65,2,2025,11,17121.35,0,17121.35,3410.29,0,3410.29,2186.04,271.53,0,2457.57,3138.77,0,14935.30,18074.07,0,18074.07,12619.52,5454.55,0,43.22,وقود,1,24/11/2025 00:00:00,ترجع الى زيادةرصيداول المدةعن السابق مع وجودكميات,من المازوت اكثرمن السابق مع ارتفاع اسعارالوقودعن ا
65,3,2025,11,76553.58,54840.22,131393.81,39650.83,8414.19,48065.02,73576.95,30693.10,5757.27,110027.32,8957.74,2656.91,57816.86,39264.33,30167.18,69431.50,51051.66,18379.84,0,36.00,قطع غياروصيانة,1,24/11/2025 00:00:00,ترجع الى زيادةرصيد اول المدة عن السابق وارتفاع,الاسعاروورودخامات من ق.غ من المعدات اكثرمن السابق
65,4,2025,11,1438.52,1665.11,3103.64,4429.01,308.47,4737.47,636.79,1381.48,0,2018.27,3047.53,308.47,2466.85,4272.69,1550.15,5822.84,3250.35,2572.49,0,79.14,مواد و مهمات,1,24/11/2025 00:00:00,ترجع الى زيادةرصيداول المدةعن السابق مع ارتفاع,الاسعارعن السابق ووجودخامات لم تكن موجودةسابقا
65,5,2025,11,5290.61,0,5290.61,22087.50,0,22087.50,333.47,1419.84,0,1753.30,20667.66,0,4957.14,25624.81,0,25624.81,10139.12,15485.69,0,152.73,تعبئة وتغليف,1,24/11/2025 00:00:00,ترجع الزيادةالى ارتفاع الاسعارعن السابق مع ورود,كميات من اكياس البروبلين50ك اكثرمن السابق
65,6,2025,11,2898.52,0,2898.52,205.36,0,205.36,21.51,180.76,0,202.27,24.60,0,2877.00,2901.61,0,2901.61,2780.71,120.90,0,4.35,مخلفات,1,24/11/2025 00:00:00,ترجع الى زيادةرصيداول المدةعن السابق مع وجودخامات,لم تكن موجودةسابقامثل سلك شبك وتنكات بلاستيك 1طن
65,7,2025,11,2228.69,0,2228.69,15319.15,0,15319.15,1250.05,1682.84,0,2932.89,13636.32,0,978.64,14614.96,0,14614.96,9190.91,5424.05,0,59.02,زيوت وشحومات,1,24/11/2025 00:00:00,ترجع الزيادة زيادة رصيد اول المدة عن السابق مع,زيادة اسعار الزيوت عن السابق
65,99,2025,11,2184.03,1194.68,3378.71,2174.85,0,2174.85,229.41,1740.44,0,1969.85,434.41,0,3149.30,2389.03,1194.68,3583.70,1567.09,2016.61,0,128.69,اخرى,1,24/11/2025 00:00:00,0,0
66,0,2025,11,6098.77,0,6098.77,0,0,0,1333.99,0,0,1333.99,0,0,4764.79,4764.79,0,4764.79,4942.00,0,177.21,3.59,خامات رئيسية,1,24/11/2025 00:00:00,,
66,1,2025,11,1288.49,0,1288.49,8827.42,0,8827.42,1288.49,8827.42,0,10115.91,0,0,0,0,0,0,0,0,0,0,خامات مساعدة,1,24/11/2025 00:00:00,,
66,3,2025,11,3049.54,2143.52,5193.06,1729.86,507.26,2237.12,964.59,948.28,0,1912.87,781.58,507.26,4228.47,3321.21,2196.09,5517.30,4526.70,990.60,0,21.88,قطع غياروصيانة,1,24/11/2025 00:00:00,ترجع الزيادة الى زيادة الاسعارعن السابق مع ورود,خامات من ق.غ والصيانة اكثرمن السابق
66,4,2025,11,1.25,0,1.25,116.21,0,116.21,0.14,28.50,0,28.64,87.71,0,1.11,88.82,0,88.82,0.49,88.33,0,999.99,مواد و مهمات,1,24/11/2025 00:00:00,ترجع الزيادة الى زيادة رصيد اول المدة عن العام,السابق بالاضافة الى ارتفاع الاسعارعن العام السابق
66,6,2025,11,1090.48,0,1090.48,989.46,0,989.46,125.45,904.43,0,1029.88,85.02,0,965.03,1050.06,0,1050.06,652.96,397.10,0,60.81,مخلفات,1,24/11/2025 00:00:00,ترجع الى زيادةرصيداول المدةعن السابق مع وجودخامات,من الخشب الحبيبى الكسروسلك نحاس خردةاكثرمن السابق
66,7,2025,11,447.38,0,447.38,1704.58,0,1704.58,162.55,91.02,0,253.57,1613.56,0,284.83,1898.39,0,1898.39,1040.50,857.89,0,82.45,زيوت وشحومات,1,24/11/2025 00:00:00,ترجع الى زيادة رصيداول المدة عن السابق مع ورود,كميات من الزيوت اكثرمن السابق مع ارتفاع الاسعار
66,9,2025,11,132.88,0,132.88,0,0,0,0,0,0,0,0,0,132.88,132.88,0,132.88,132.88,0,0,0,الراكد,1,24/11/2025 00:00:00,,
66,99,2025,11,0,0,0,1273.17,0,1273.17,0,928.61,0,928.61,344.56,0,0,344.56,0,344.56,968.09,0,623.53,64.41,اخرى,1,24/11/2025 00:00:00,,
75,1,2025,11,1359.43,1102.23,2461.65,5868.72,0,5868.72,0,0,0,0,5868.72,0,2461.65,7228.15,1102.23,8330.37,6644.60,1685.77,0,25.37,خامات مساعدة,1,29/11/2025 00:00:00,وارد حامض ارثوفسفوريك امر توريد 5386,
75,2,2025,11,13530.96,0,13530.96,4435.13,0,4435.13,1167.04,14.40,0,1181.44,4420.73,0,12363.92,16784.65,0,16784.65,11119.99,5664.66,0,50.94,وقود,1,29/11/2025 00:00:00,وارد مازوت,
75,3,2025,11,9814.84,2977.75,12792.59,7766.47,1095.77,8862.24,2609.64,5674.93,476.51,8761.07,2091.54,619.26,10182.96,9687.24,3206.51,12893.76,11626.02,1267.74,0,10.90,قطع غياروصيانة,1,29/11/2025 00:00:00, طلبيه 1782 كرابيل وطلبيه1771 معدات كرش,وارد المعدات مبلغ 3213280 ج كشف مرفق
75,4,2025,11,522.47,0,522.47,1819.18,0,1819.18,243.24,950.88,0,1194.13,868.30,0,279.22,1147.52,0,1147.52,896.13,251.39,0,28.05,مواد و مهمات,1,29/11/2025 00:00:00,صودا كاويه سائله امر توريد 5175,
75,5,2025,11,1210.62,0,1210.62,11454.20,0,11454.20,67.01,0,0,67.01,11454.20,0,1143.62,12597.81,0,12597.81,1635.38,10962.43,0,670.33,تعبئة وتغليف,1,29/11/2025 00:00:00,جوالات بروبلين سعه 50 كيلو,
75,6,2025,11,904.71,0,904.71,7.06,0,7.06,0,7.06,0,7.06,0,0,904.71,904.71,0,904.71,904.71,0,0,0,مخلفات,1,29/11/2025 00:00:00,------------------------,
75,7,2025,11,1592.63,0,1592.63,3955.54,0,3955.54,411.60,50.98,0,462.58,3904.56,0,1181.03,5085.60,0,5085.60,3158.79,1926.81,0,61.00,زيوت وشحومات,1,29/11/2025 00:00:00,زيوت وشحومات امر توريد رقم 5413و5413,
75,9,2025,11,0,0,0,0,0,0,0,0,0,0,0,0,0,0,0,0,0,0,0,0,الراكد,1,29/11/2025 00:00:00,----------------------,
75,99,2025,11,0,0,0,0,0,0,0,0,0,0,0,0,0,0,0,0,0,0,0,0,اخرى,1,29/11/2025 00:00:00,,
